,type,service,content,target,how
0," 혜택, 복지, 지원금", 장애수당, 생활이 어려운 장애인에게 장애수당을 지급하여 생활의 안정을 돕습니다," 18세 이상의 등록한 장애인 중 장애인연금법 상 중증장애인이 아닌 국민기초생활보장수급자 및 차상위 계층에게 지원합니다./소득인정액, 연령, 기타 기준은 선정기준의 내용을 참고해주시기 바랍니다.", 읍면동 주민센터에 방문하여 신청하거나 복지로(bokjiro.go.kr)를 통해 온라인으로 신청이 가능합니다./복지로 온라인신청 경로 : 복지로 로그인 > 서비스 신청 > 복지서비스 신청 > 복지급여 신청 > 장애인 > 장애(아동)수당
1," 혜택, 복지, 지원금", 장애인연금, 장애로 인하여 생활이 어려운 중증장애인의 안정된 삶을 위해 연금을 지급합니다.," 18세 이상의 등록한 중중장애인 중 소득인정액이 보건복지부장관이 매년 결정·고시하는 금액 이하인 경우에 지원합니다./* 참고: 「장애인연금법」 제2조제1호, 「장애인연금법」 시행령 제2조, 장애정도판정기준(제5장 장애인연금 수급을 위한 중증장애인 판정기준)/소득인정액, 연령, 기타 기준은 선정기준의 내용을 참고해주시기 바랍니다.", 읍면동 주민센터에 방문하여 신청하거나 복지로(bokjiro.go.kr)를 통해 온라인으로 신청이 가능합니다./복지로 온라인신청 경로 : 복지로 로그인 > 서비스 신청 > 복지서비스 신청 > 복지급여 신청 > 장애인 > 장애인연금
2," 혜택, 복지, 지원금", 장애아동수당, 장애로 인하여 생활이 어려운 장애아동이 보다 편안한 생활을 할 수 있도록 지원합니다.," 만 18세 미만의 등록 장애인으로 생계·의료·주거·교육급여 수급자 및 차상위계층을 지원합니다./소득인정액, 연령, 기타 기준은 선정기준의 내용을 참고해주시기 바랍니다.", 읍면동 주민센터에 방문하여 신청하거나 복지로(bokjiro.go.kr)를 통해 온라인으로 신청이 가능합니다./복지로 온라인신청 경로 : 복지로 로그인 > 서비스 신청 > 복지서비스 신청 > 복지급여 신청 > 장애인 > 장애(아동)수당
3," 혜택, 복지, 지원금", 산림보호지원단," 산림보호 분야의 안정적인 일자리 창출로 취업 취약계층을 지원하고, 불법산림훼손 계도, 감시 및 산림정화활동을 통해 건전한 산림생태계를 유지합니다."," 신청일 기준 현재 만 18세 이상인 자 중 6개월 이상 장기실업자, 저소득층, 장애인 등 취업 취약계층을 우선선발하여 지원합니다."," 접수기관별로 모집요건이 상이하므로, 해당 기관에 유선으로 문의하시어 자세한 사항을 안내받으신 후신청하시기 바랍니다."
4," 혜택, 복지, 지원금", 통합공공임대," 최저소득 계층, 저소득 서민, 젊은 층 및 장애인·국가유공자 등 사회 취약계층 등의 주거안정을 위해 공공임대주택을 공급합니다."," 일반공급 대상자는 다음과 같습니다./- (청년) 18세∼39세 이하이며 혼인 중이 아닐 것, 중위소득 150%이하/- (신혼부부ㆍ한부모가족)혼인기간이 7년 이내인 사람, 예비신혼부부, 6세 이하 자녀를 둔 사람, 6세이하 자녀를 둔 한부모 가족, 중위소득 150%이하/- (고령자) 65세 이상, 중위소득 150%이하, 총자산 32,500만원 이하, 자동차 3,557만원 이하/- (일반) 무주택세대구성원, 중위소득 150%이하/우선공급 대상자는 다음과 같습니다./- (철거민 등) 공공주택건설사업, 주거환경개선 또는 재개발사업, 도시·군계획시설사업, 공공사업 중 GB해제 택지개발사업 또는 도시개발사업, 산업단지개발사업, 부도임대주택, 재해철거 주택, 중대하자 철거주택, GB해제지역 타인토지 주택, 중위소득 100%이하/- (국가유공자등) 국가유공자 또는 유족, 보훈보상대상자 또는 유족,5·18민주유공자 또는 유족, 특수임무유공자 또는 유족, 참전유공자 또는 유족, 중위소득 100%이하/- (장기복무제대군인, 북한이탈주민등) 장기복무제대군인, 북한이탈주민, 납북피해자, 중소기업근로자, 비정규직근로자, 성폭력피해자 또는 가족, 가정위탁아동보호자, 범죄피해자, 폐탄광근로자, 파독근로자, 영구임대주택 퇴거자, 소년·소녀가정, 해외장기거주 재외동포, 국군 등록포로, 가정폭력피해자, 중위소득 100%이하, 일본군위안부 피해자/- (다자녀가구 등) 2명 이상 미성년자녀 가구, 65세 이상 직계존속 부양자, 보호대상 한부모가족, 중위소득 100%이하/- (장애인) 장애인등록증 교부자, 중위소득 100%이하/- (비주택거주자등) 쪽방, 고시원, 여인숙, 비닐간이공작물, 노숙인시설, 컨테이너, 움막, PC·만화방, 침수피해 우려 반지하·지하층, 최저주거기준미달 미성년자녀 가구, 무허가건축물 등 세입자, 중위소득 100%이하/- (기초생활보장제도 급여수급자등) 생계·주거·의료급여 수급(권)자/- (청년) 혼인 중이 아닌 18세∼39세,아동복지시설 퇴소(예정)자, 청소년쉼터 퇴소(예정)자, 중위소득 100%이하/- (신혼부부ㆍ한부모가족) 혼인기간이 7년 이내인 사람, 예비신혼부부, 6세 이하 자녀를 둔 사람, 6세이하 자녀를 둔 한부모 가족, 중위소득 100%이하/- (고령자) 65세 이상, 중위소득 100%이하"," 공공주택사업자*별 입주자모집 공고에 따라 누리집 현장접수 등을 통해 청약을 신청합니다./* 한국토지주택공사, 서울주택도시공사, 경기도시공사 등/상세 모집계획, 임대료, 입주자격 등 보다 자세한 정보는 한국토지주택공사 청약센터(apply.lh.or.kr) 또는 마이홈포털(www.myhome.go.kr)을 참고하거나, 마이홈 전화상담실(1600-1004)에 문의할 수 있습니다."
5," 혜택, 복지, 지원금", 장애인스포츠강좌이용권 지원," 장애인 대상 스포츠 참여 기회를 제공하여 삶의 질 향상, 사회적 소외감을 해소하여 사회통합에 기여합니다."," 만19세~64세 저소득층 장애인을 지원합니다./* 단, 스포츠강좌이용권과 중복 지원하지 않습니다.", 해당 읍/면/동 주민센터에 직접 방문 신청하거나 장애인스포츠강좌이용권 홈페이지(dvoucher.kspo.or.kr)에서 온라인 신청을 합니다.
6," 혜택, 복지, 지원금", 장애인자립자금대여, 저소득 장애인의 소규모 창업 및 출퇴근용 자동차 구입 비용을 장기 저리로 대여하여 생업의 기반을 다지고 편리하게 이동할 수 있도록 지원합니다.," 가구의 소득인정액이 「국민기초생활보장법」에 의한 기준중위소득 50% 초과 100% 이하 가구의 성년 등록장애인을 지원합니다./* '23년 기준 4인 가구 기준 2,700,482원 초과 5,400,964원 이하/중위소득 50%이하의 장애인의 경우, 미소금융재단의 장애인대출 상품을 이용할 수 있습니다.(서비스내용 동일)/시군구에서 장애인자립자금대여를 금융기관에 추천하였다하여도 해당 금융기관의 여신규정(신용등급 및 보증인 대출요건 등)에 의거 대여가 되지 않을 수 있습니다.", 거주지 읍면동 주민센터에 방문하여 신청하거나 복지로(bokjiro.go.kr)를 통해 온라인으로 신청이 가능합니다./복지로 온라인신청 경로 : 복지로 로그인 > 서비스 신청 > 복지서비스 신청 > 복지급여 신청 > 장애인 > 장애인자립자금대여(복지대상자자금대여)/장애인자립자금대여 절차는 다음과 같습니다./① 주소지 읍·면·동 행정복지센터 방문 신청 또는 복지로(bokjiro.go.kr)를 통해 온라인 신청/② 시·군·구청장은 심사를 거쳐 자립자금 대여 대상자를 해당 금융기관에 추천/③ 추천자는 해당 금융기관에 방문하여 융자를 신청/④ 해당 금융기관은 대출심사 후 융자를 실행/※ 금융기관 여신규정에 따른 여신 심사 후 대여결정(예산소진시 조기마감)
7," 혜택, 복지, 지원금", 발달장애인 공공후견지원 사업, 의사결정능력 부족으로 어려움을 겪고 있는 성인 발달장애인게 공공후견서비스를 제공합니다., (등록기준) 만 19세 이상 발달장애인*을 지원합니다./*「장애인복지법」상 지적·자폐성 장애인/(욕구기준) 의사결정 지원이 필요한 장애인을 지원합니다.," (신청자) 본인, 지원대상자의가족, 지역발달장애인지원센터,사회복지시설 종사자, 읍면동 주민센터 등/(신청장소) 지원대상자 주민등록상 주소지 관할 읍·면·동 또는 시·군·구/※후견심판청구·후견인 활동 지원 및 감독 주체는 피후견인 주민등록상 주소지 기준 시·군·구/(신청기간) 연중"
8," 혜택, 복지, 지원금", 직업능력개발운영(훈련수당), 장애인이 그 희망ㆍ적성ㆍ능력 등에 맞는 직업생활을 할 수 있도록 하기 위하여 장애인에게 직업능력개발훈련을 실시합니다.," 15세 이상 장애인 중 직업능력개발훈련을 희망하거나 필요로 하는 사람을 지원합니다./한국장애인고용공단 직업능력개발원 훈련생으로 정규훈련(융복합훈련, 특화훈련) 또는 1개월 이상이고 계획된 훈련시간이 120시간 이상인 맞춤훈련 과정 훈련생/- “정규훈련”이란 장애인에게 해당 산업의 주요 직무에 보편적으로 적용되는 교과과정을 편성하여 실시하는 직업능력개발훈련/- “맞춤훈련 과정”이란 기업의 실제 훈련수요에 맞게 학생을 모집하고, 공단 직업능력훈련 기관과 사업주 또는 사업주단체가 훈련직종, 훈련수준, 훈련방법 등에 관한 사항에 대하여 약정을 체결하여 훈련을 실시하고, 약정업체가 수료생을 우선 채용하는 훈련/한국장애인고용공단에서 지원하는 공공(폴리텍)·민간훈련기관 훈련생/실업급여 수급자 및 다른 법령에 의하여 훈련수당, 훈련장려금을 지원받고있는자는 지원하지 않습니다."," 공단의 직업능력개발원 및 지역본부, 지사와 거주지 인근에 위치한 공단지정 민간위탁훈련기관(www.kead.or.kr 참조)에서 운영하는 훈련과정에 참여하시면 됩니다."
9," 혜택, 복지, 지원금", 중증장애인 지역맞춤형 취업지원 사업, 비경제활동 또는 실업상태에 있는 중증장애인을 대상으로 동료지원 활동 제공을 통해 취업의욕을 고취하여 경제활동을 촉진합니다., 비경제활동 또는 실업상태의 중증장애인을 지원합니다.," 동료지원가로 업무 수행을 희망하는 경우, 지방자치단체로부터 선정된 수행기관에서 공모로 선발합니다./중증장애인지역맞춤형 사업의 동료지원활동 참여자로 참여를 희망하는 경우, 거주지 근처의 지역맞춤형 사업 선정 수행기관 방문 또는 자치단체, 한국장애인고용공단에 문의해주시기 바랍니다.(단, 충남과 경북은 사업 미참여)"
10," 혜택, 복지, 지원금", 언어발달지원사업, 감각적 장애 부모의 자녀에게 필요한 언어발달지원서비스를 제공하여 아동의 건강한 성장을 돕습니다.," (자격기준) 만 12세 미만 비장애 아동/- 한쪽 부모 및 조손가정의 한쪽 부모가 시각, 청각, 언어, 지적, 자폐성, 뇌병변 등록장애인/(소득기준) 기준중위소득 120% 이하 (소득별차등지원)", 거주지 읍면동 주민센터에 방문하여 신청하거나 복지로(bokjiro.go.kr)를 통해 온라인으로 신청이 가능합니다./복지로 온라인신청 경로 : 복지로 로그인 > 서비스 신청 > 복지서비스 신청 > 복지급여 신청 > 장애인 > 언어발달지원
11," 혜택, 복지, 지원금", 여성장애인출산비용지원, 임신과 출산에 대한 비용이 추가로 발생하는 장애인여성에게 출산비용을 지원하여 경제적 부담을 경감하고 모성권 보호에 기여합니다.," 등록 여성장애인 중 출산 및 유산, 사산(임신기간 4개월 이상)한 사람을 지원합니다./(장애등급) 신청일 현재, 장애인복지법 제32조에 의거 등록한 여성장애인/* 출산 당시 장애인 등록 신청 중인 여성이 출산 이후 장애인 등록된 경우에도 가능/(지원대상) 2023년 1월 1일 이후 출산 및 유산, 사산(임신기간 4개월 이상 태아 유산,사산일 경우)한 자/인공 임신중절 수술에 따른 유산의 경우는 지원이 불가합니다./* 단, 「모자보건법」제14조 제1항에 따른 경우는 4개월 미만의 경우에도 지원대상에 포함/2022년 지원대상자 중 미수급자는 예산의 한도 내에서 지원 가능합니다./국민기초생활보장 해산급여, 첫만남이용권과 지원목적을 달리하여 중복지급이 가능합니다.", 거주지 읍면동 주민센터에 방문하여 신청하거나 복지로(bokjiro.go.kr)를 통해 온라인으로 신청이 가능합니다./복지로 온라인신청 경로 : 복지로 로그인 > 서비스 신청 > 복지서비스 신청 > 복지급여 신청 > 임신출산 > 여성장애인 출산비용 지원
12," 혜택, 복지, 지원금", 언어발달지원사업, 감각적 장애 부모의 자녀에게 필요한 언어발달지원서비스를 제공하여 아동의 건강한 성장을 돕습니다.," (자격기준) 만 12세 미만 비장애 아동/- 한쪽 부모 및 조손가정의 한쪽 부모가 시각, 청각, 언어, 지적, 자폐성, 뇌병변 등록장애인/(소득기준) 기준중위소득 120% 이하 (소득별차등지원)", 거주지 읍면동 주민센터에 방문하여 신청하거나 복지로(bokjiro.go.kr)를 통해 온라인으로 신청이 가능합니다./복지로 온라인신청 경로 : 복지로 로그인 > 서비스 신청 > 복지서비스 신청 > 복지급여 신청 > 장애인 > 언어발달지원
13," 혜택, 복지, 지원금", 장애아가족양육지원, 상시적인 돌봄이 요구되는 장애아 가정의 돌봄부담을 경감하여 가족안정성을 강화합니다., 만 18세 미만의 장애정도가 심한 장애아동을 양육하는 가정을 지원합니다., 해당 읍면동 주민센터 방문신청 및 복지로(www.bokjiro.go.kr) 온라인 신청이 가능합니다./복지로 온라인신청 경로 : 복지로 로그인 > 서비스 신청 > 복지서비스 신청 > 복지급여 신청 > 장애인 > 장애아가족양육지원
14," 혜택, 복지, 지원금", 장애인활동지원, 장애인의 자립생활과 사회 활동 참여를 증진하기 위하여 활동에 필요한 보조 서비스를 제공합니다.," 장애인 활동지원급여 신청자격은 다음과 같습니다./만 6세 이상 ~ 만 65세 미만인 등록장애인 중 활동지원 서비스지원 종합조사 결과 활동지원등급 판정을 받은 사람/장애인활동지원서비스를 받는 도중에 만 65세가 도래하여 장기요양인정 신청을 하였으나 등급외 판정을 받아 장기요양 수급자에서 제외된 장애인/시설 입소, 의료기관 입원 및 교정시설 또는 치료감호시설에 수용 중인 자가 퇴소 또는 퇴원을 앞두고 있어 활동지원이 필요한 경우/소득기준과 무관하게 신청이 가능합니다. (관할 주민센터 문의)"," 주소지 읍면동 주민센터에 직접 방문, 우편, 팩스 또는 복지로(www.bokjiro.go.kr) 온라인 신청이 가능합니다./복지로 온라인신청 경로 : 복지로 로그인 > 서비스 신청 > 복지서비스 신청 > 복지급여 신청 > 장애인 > 장애인활동지원(신규)"
15," 혜택, 복지, 지원금", 이동통신요금감면, 사회적 취약계층을 대상으로 가계통신비 부담완화를 위해 통신요금을 감면합니다.," 기초생활수급자, 차상위계층, 기초연금수급자, 장애인, 국가유공자, 단체 및 시설을 지원합니다./(기초생활수급자) 「국민기초생활보장법」에 따라 국가로부터 지원을 받는 기초생활수급자/- 생계, 의료, 주거, 교육급여 수급자/(차상위계층) 「국민기초생활보장법」에 따라 소득 인정액이 기준 중위소득의 100분의 50% 이하이며, 아래 법률에 따라 지원을 받는 사람 및 그 가구원/- 「국민기초생활보장법」에 따른 자활에 필요한 사업에 참가하는 사람/- 「국민건강보험법 시행령」에 따른 희귀난치성질환자 등으로서 본인부담액을 경감 받는 사람/- 「장애인복지법」에 따른 장애수당을 지급받는 사람과 장애아동수당을 지급받는 사람/- 「한부모가족지원법」에 따른 지원대상자(이 경우 소득인정액이 기준 중위소득의 100분의 52% 이하인 사람 포함)/- 「장애인연금법」에 따라 장애인연금을 지급받는 사람/- 「사회보장기본법」제37조제2항에 따라 구축·운영 중인 시스템을 통해 차상위계층에 해당함이 확인되는 사람(차상위 계층 확인서 발급 대상자)/※ 가구당 4인(소득인정액 조사에 포함된 가구원으로 만6세 이하는 제외)까지 감면 가능/(기초연금수급자) 「기초연금법」 제2조 제3호에 따른 기초연금 수급자/(장애인) 「장애인복지법」에 의한 장애인/(국가유공자) 감면대상 보훈대상 코드가 전상군경(21), 공상군경(23), 4.19혁명 상이자(51), 공상 공무원(61), 국가사회발전특별공로상이자(71), 6.18 자유 상이자(81), 5.18부상자(85)/(단체 및 시설)/- 「장애인복지법」에 의한 장애인 복지시설 및 장애인 복지단체/- 「초/중등교육법」에 따른 특수학교/- 「아동복지법」에 따른 아동복지시설/- 「국가유공자 등 단체설립에 관한 법률」에 따른 단체(대한민국상이군경회, 4.19 민주혁명회)"," 이동통신사 통신감면 안내센터(휴대폰 ☎1523), 통신사 대리점, 주민센터, 복지로(www.bokjiro.go.kr) 홈페이지 등을 이용하여 신청할 수 있습니다./복지로 온라인신청 경로 : 복지로 로그인 > 서비스 신청 > 복지서비스 신청 > 복지급여 신청 > 기타 > 요금감면서비스"
16," 혜택, 복지, 지원금", 발달재활서비스," 장애아동의 인지, 의사소통, 적응행동, 감각, 운동 등의 기능향상과 행동발달을 위한 재활서비스를 지원하고, 관련 정보를 제공합니다."," 만 18세 미만 장애아동을 대상으로 합니다./(소득기준) 기준중위소득 180% 이하 … 소득별 차등 지원/(기타요건) 장애인복지법상 등록장애아동(뇌병변, 지적, 자폐성, 청각, 언어, 시각장애)/- 만 6세 미만의 경우 발달재활서비스 의뢰서와 검사자료로 대체 가능/- 시각 장애아동(중복 장애 제외)의 경우 발달재활서비스가 필요한 대상인지 여부를 별도로 판단", 거주지 읍면동 주민센터에 방문하여 신청하거나 복지로(bokjiro.go.kr)를 통해 온라인으로 신청이 가능합니다./복지로 온라인신청 경로 : 복지로 로그인 > 서비스 신청 > 복지서비스 신청 > 복지급여 신청 > 장애인 > 발달재활서비스
17," 혜택, 복지, 지원금", 청소년 발달장애인 방과후활동서비스, 만 6세 이상~만 18세 미만의 청소년 발달장애인이 방과후에도 돌봄을 지원받을 수 있도록 방과후활동 이용권을 지급합니다.," 만 6세 이상 ~ 만18세 미만의 「장애인복지법」상 등록된 지적 및 자폐성 장애인을 지원합니다./단, 만 18세 이상의 재학생의 경우 방과후활동서비스(재학증명서* 필수)와 주간활동서비스(단축형, 기본형에 한함) 중 택1 가능(중복이용 불가)/* 발급 1개월 이내의 재학증명서만 유효함", 거주지 읍면동 주민센터에 방문하여 신청하거나 복지로(bokjiro.go.kr)를 통해 온라인으로 신청이 가능합니다./복지로 온라인신청 경로 : 복지로 로그인 > 서비스 신청 > 복지서비스 신청 > 복지급여 신청 > 장애인 > 발달장애(주간-방과후)활동서비스
18," 혜택, 복지, 지원금", 발달장애인 주간활동서비스, 발달장애인의 낮 시간 자신의 욕구를 반영한 지역사회 기반활동 참여함으로써 장애인의 자립생활 및 사회참여 증진을 위한 주간활동서비스를 지원합니다., 만 18세~65세 미만 등록된 지적 및 자폐성 장애인을 지원합니다., 읍면동 주민센터에 방문하여 신청하거나 복지로(bokjiro.go.kr)를 통해 온라인으로 신청이 가능합니다./복지로 온라인신청 경로 : 복지로 로그인 > 서비스 신청 > 복지서비스 신청 > 복지급여 신청 > 장애인 > 발달장애(주간-방과후)활동서비스
19," 혜택, 복지, 지원금", 가사·간병 방문 지원사업, 일상생활이 어려운 저소득층 가정에 간병·가사 서비스를 지원하여 취약계층의 생활 안정 도모 및 사회적 일자리를 창출합니다.," 만 65세 미만의 기준중위소득 70% 이하 계층 중 가사·간병 서비스가 필요한 자를 지원합니다./아래에 해당하는 경우 지원대상에서 제외합니다./- 만 65세 이상의 어르신/- 국고로 지원되는 아래의 동일 또는 유사 돌봄서비스를 받고 있는자 / * 장애인활동지원서비스, 노인돌봄종합서비스, 노인장기요양보험급여(만 65세 미만 치매특별등급 포함) /- 국민기초생활보장법 제32조에 따른 보장시설 입소자 /- 의료기관 입원 중인 이용자(입원 기간 동안만 서비스 불가, 입퇴원일은 서비스 제공 가능)"," 바우처 자격 결정은 아래와 같이 이루어집니다./읍면동 사회복지공무원 또는 시군구 담당자가 자산·소득조사 자료로 소득기준 부합여부를 판단/자산·소득 조사 자료가 없는 경우 신청 대상자의 가구원수를 산출한 뒤 '건강보험료 산정기준표'에 의거하여 소득 기준 부합 여부를 판단/대상자는 해당 시군구에 배정된 예산의 범위 내에서 선정/서비스 이용 방법은 다음과 같습니다./바우처 이용자가 직접 제공기관을 선택하여 서비스 제공 신청(전화, 인터넷, 방문 신청)/* 복지로 온라인신청 경로 : 복지로(www.bokjiro.go.kr) 로그인 > 서비스 신청 > 복지서비스 신청 > 복지급여 신청 > 저소득층 > 가사·간병 방문 지원/이용자는 본인의 주소지에 상관없이 시·도 내에 등록된 제공기관 중 이용이 편리한 기관을 선택하여 서비스 신청/* 지역별 제공기관 검색: 전자바우처 포탈(www.socialservice.or.kr)/이용자의 신청을 받은 제공기관은 서비스 신청자가 적격한 이용자인지 먼저 확인한 후 서비스 제공 가능 여부를 상담/* 적격자 확인：바우처 결정통지 여부, 연령(만65세) 기준 등 확인"
20," 혜택, 복지, 지원금", 장애아보육료지원, 어린이집 이용 장애아동에 대한 보육료 지원을 통해 부모의 자녀양육 부담경감 및 원활한 경제활동을 지원합니다.," 장애인복지카드(등록증)를 소유한 미취학 만 12세 이하의 장애아동을 지원합니다./단, 다음의 아동에 대해서는 예외적으로 지원할 수 있습니다./장애인 등에 대한 특수교육법 제15조에 따라 특수교육 대상자로 선정된 만 3~5세 아동이 특수교육대상자 진단/평가 결과 통지서를 제출한 경우/취학연령이 되었음에도 부득이하게 질병 등의 사유로 일반 초등학교 및 특수학교에 취학하지 못한 장애아동은 무상 보육 대상에 포함 (장애인 복지카드를 소지하거나 특수교육 대상자 진단/평가 결과 통지서를 제출한 경우/장애인복지카드 또는 특수교육 대상자 진단,평가 결과 통지서를 미소지한 만 5세이하 영유아가 장애 소견이 있는 의사진단서를 제출할 경우/장애아가 부득이하게 휴학한 경우에도 보육료 지원 가능(장애인복지카드 소지자는 만 6세 이상 만 12세까지 지원, 특수교육 대상자 진단/평가 결과 통지서를 제출한 경우 만 6세 이상 만 8세까지 지원 가능)/장애아동이 정부지원을 받는 특수학교(유치부 또는 초등학교 과정)를 이용할 경우 장애아 무상보육료 지원 불가하며, 초등학교 과정 아동은 방과후 보육료 지원이 가능/※ 특수교육대상자의 경우 만 8세까지 장애아방과후보육료 지원 가능", 해당 읍/면/동 주민센터에 직접 방문 신청하거나 복지로(www.bokjiro.go.kr)에서 온라인으로 신청할수 있습니다./복지로 온라인신청 경로 : 복지로 로그인 > 서비스 신청 > 복지서비스 신청 > 복지급여 신청 > 영유아 > 보육료(어린이집)
21," 혜택, 복지, 지원금", 에너지바우처, 에너지취약계층에게 에너지바우처를 지급하여 전기·가스·지역난방·등유·LPG 등 필요 에너지의 이용 비용을 지원합니다.," 소득기준과 세대원의 특성을 모두 충족하는 세대를 지원합니다./(소득기준) 「국민기초생활보장법」 상 생계, 의료, 주거, 교육('22년 한시적 지원대상) 급여 수급자/(세대원 특성기준) 수급자 본인 또는 주민등록표상의 세대원이 다음 어느 하나에 해당/- (노인) 65세 이상/- (장애인) 「장애인복지법」에 따른 등록 장애인/- (영유아) 만 6세 미만/- (임산부) 「모자보건법」상 임신 중이거나 출산후 6개월 미만인 여성/- (중증질환자) 「국민건강보험법 시행령」에 따른 중증질환「본인일부부담금 산정특례에 관한 기준」 [별표3]을 가진 사람/- (희귀질환자) 「국민건강보험법 시행령」에 따른 희귀질환「본인일부부담금 산정특례에 관한 기준」 [별표4]을 가진 사람/- (중증난치질환자) 「국민건강보험법 시행령」에 따른 중증난치질환「본인일부부담금 산정특례에 관한 기준」[별표4의2]을 가진 사람/- (한부모가족) 「한부모가족지원법」제3조에 따른 “모” 또는 “부”로서 아동인 자녀를 양육하는 가정/- (소년소녀가정) 보건복지부에서 정한 아동분야 지원 대상에 해당하는 사람(「아동복지법」제3조에 의한 가정위탁보호 아동을 포함)", 거주지 읍면동 주민센터에 방문하여 신청하거나 복지로(bokjiro.go.kr)를 통해 온라인으로 신청이 가능합니다./복지로 온라인신청 경로 : 복지로 로그인 > 서비스 신청 > 복지서비스 신청 > 복지급여 신청 > 저소득층 > 에너지바우처
22," 혜택, 복지, 지원금", 발달장애인 부모상담지원사업, 발달장애인 부모에게 발달장애인의 양육과 부양에 따른 심리적 부담 완화 및 가족기능 향상 도모를 위한 전문 심리상담을 지원합니다.," 지적·자폐성 장애인으로 등록된 자녀의 부모 및 보호자를 지원합니다./지적장애 또는 자폐성 장애를 부장애로 가진 경우도 포함/발달장애인 자녀의 부모 동시 지원 가능/우선적으로 부모를 지원하는 것이 원칙이나, 발달장애인과 거주를 같이하면서 부모를 대신하여 발달장애인을 돌보는 보호자(2촌 이내)도 이용 가능"," 서비스를 신청할 수 있는 사람은 다음과 같습니다./서비스를 필요로 하는 본인, 가구원, 대리인 신청 가능/개인별지원계획서*에 발달장애인 부모상담지원사업 지원 필요성이 명시된 경우, 복지담당공무원이 직권으로 신청 가능/* 「발달장애인법」 제19조에 근거하여 수립 완료된 개인별지원계획서(동법 시행규칙 별지 제4호)/주민등록상 주소지 관할 읍·면·동 주민센터/시·군·구 방문신청 또는 복지로(www.bokjiro.go.kr)를 통한 온라인신청이 가능합니다./복지로 온라인신청 경로 : 복지로 로그인 > 서비스 신청 > 복지서비스 신청 > 복지급여 신청 > 장애인 > 발달장애인 부모심리상담지원/신청기간은 연중 상시 신청 가능하며 시·군·구 담당자는 매월 말 경에 대상자 결정을 완료합니다./신청서류는 다음과 같습니다./사회보장급여(사회서비스이용권) 신청(변경)서 [서식 1호]/국민행복카드 상담전화를 위한 개인정보 제공동의서 [서식 1-1호]/개인정보 수집·이용 및 제3자 제공 동의서 [서식 1-2호]/증명서류는 아래를 참고해주시기 바랍니다./발달장애인의 부모 및 보호자 확인이 가능한 서류로 등록기준 확인/자녀가 영유아(만6세 미만)의 경우, 장애등록이 되어 있지 않더라도 발달장애(지적·자폐성)가 의심된다는 발달재활서비스 의뢰서 또는 최근 6개월 이내 발행된 의사소견서(진단서)로 대체 가능/의뢰서 [서식 1-3호]"
23," 혜택, 복지, 지원금", 과학문화 바우처 지원, 과학기술문화 소외지역·계층의 과학문화 격차 해소를 위해 과학문화 상품(체험·교구 등) 및 관련 서비스 이용이 가능한 바우처를 지원합니다.," 과학문화바우처 신청자격은 다음과 같습니다./(사회·경제적 소외계층) 기초생활수급자, 차상위계층, 장애인(경증), 한부모·조손가족, 다문화가족/(법정복지시설 이용자) 사회복지시설·법인, 도서벽지접적지역 학교, 드림스타트, 청소년방과후아카데미, 교육복지우선지원사업 운영학교", 과학문화 바우처 홈페이지(http://scivoucher.kofac.re.kr)에서 온라인신청 및 이용이 가능합니다./(신청기간) 2023.4.25.(화) ~ 5.15.(월)/(바우처 발행) 6월 이후
24," 혜택, 복지, 지원금", 중증장애인직업재활지원, 중증장애인의 자립기반 마련 및 사회참여 증진을 위해 직업재활서비스를 제공합니다., 만 15세 이상 등록장애인을 대상으로 합니다., 중증장애인직업재활지원사업 수행기관에 신청합니다.
25," 혜택, 복지, 지원금", 산림복지서비스이용권," 사회, 경제적 여건으로 산림복지 혜택을 받지 못하는 소외계층에게 산림복지서비스 체험 기회를 제공하여 삶의 질을 높일 수 있도록 돕습니다.", 「산림복지 진흥에 관한 법률」제2조제3호 및 동법 시행령 제2조에 따른 산림복지소외자를 대상으로 합니다./「국민기초생활 보장법」에 따른 기초생활수급자/「장애인 복지법」제49조제1항에 따른 장애수당 수급자/「장애인 복지법」제50조제1항에 따른 장애아동수당 수급자/「장애인 연금법」제2조제4호에 따른 장애인연금 수급자/「국민기초생활 보장법」제2조제10호에 따른 차상위계층," 온라인 신청 방법은 다음과 같습니다./접 수 처 : 이용권 누리집(www.forestcard.or.kr)/신청방법 : 발급신청서 온라인 작성 및 제출서류를 스캔하여 파일 첨부/제출서류/① 본인신청 : 본인 신분증 사본/② 가족신청 : 주민등록등본 또는 가족관계증명서 1부, 본인 및 가족 신청인 신분증 사본 각 1부/③ 대리신청 : 대리신청인 및 (모든) 신청인 신분증 사본, 위임장/* 예 : 시설대표 홍길동이 5명 대리신청 ☞ 홍길동 포함 6명 신분증 사본 및 위임장 필요/** 본인 신청이 어려운 경우 부모, 친족, 배우자, 후견인, 장애인 보호자, 청소년보호사, 상담사, 청소년기관 지도사, 교사, 학교장 등이 대리신청 가능/*** 「사회복지사업법」에 따른 사회복지시설은 시설 대표자가 일괄적으로 대리 신청 가능/우편 신청 방법은 다음과 같습니다./접 수 처 : 대전광역시 중구 중앙로 149, 10층 산림복지서비스이용권 고객지원센터/신청방법 : 발급신청서 및 제출서류 작성 후 등기 배송/제출서류/① 본인신청 : 이용권 발급 신청서(별지1 서식) 1부, 본인 신분증 사본 1부/② 가족신청 : 이용권 발급 신청서(별지1 서식) 1부, 주민등록등본 또는 가족관계증명서 1부, 본인 및 가족 신청인 신분증 사본 각 1부/③ 대리신청 : 이용권 발급 신청서(개인 별지1, 단체 별지2 서식) 1부, 대리신청인 신분증 사본 1부, 위임장(별지3 서식) 1부/* 서류제출 시 신청인(대리신청인)의 휴대폰 번호가 잘못 작성되면 접수 불가"
26," 혜택, 복지, 지원금"," 취약농가인력지원(영농도우미, 행복나눔이 지원)"," 사고, 질병 농가에는 영농도우미를 지원하여 안정적인 영농활동으로 농가소득을 증대할 수 있도록 돕고, 고령의 취약 농촌 가정에는 행복나눔이를 지원하여 기초적인 가사생활을 유지할 수 있도록 돕습니다."," (영농도우미) 사고를 당했거나 질병발생으로 영농활동이 곤란한 소유농지 5ha미만의 농업인으로 다음 요건을 충족하여야 합니다./- 사고 또는 질병으로 2주 이상 진단을 받았거나, 3일 이상 입원한 경우/- 제1~2급 법정감염병(코로나19 포함) 확진자와 접촉한 자로 의료기관(보건소 등)으로부터 통보를 받아 격리 중인 경우/- 4대 중증질환(암, 심장질환(고혈압 제외), 뇌혈관질환, 희귀난치성질환) 진단을 받은 자로 최근 6개월 이내 해당질환으로 통원치료를 받은 경우/(행복나눔이) 농촌에 거주하는 65세이상 가구(독거노인포함)와 중위소득 50% 이하 수급자 가정, 결혼이민여성, 다문화가정, 조손가구, 장애인가구", 지역농협에 신청합니다.
27," 혜택, 복지, 지원금", 국립특수학교 및 국립부설학교 특수학급 지원," 국립특수학교(급)의 특수교육 지원인력 배치, 돌봄교실 운영 및 특수교육대상자의 방과후학교 경비를 지원하여 장애학생의 학습권을 보장합니다."," 국립특수학교(급)에 재학중인 장애 학생/국립특수학교 5급, 국립대학 부설 학교 36학급/특수교육지원인력, 사회복무요원 등"," 국립 특수학교 및 국립대학 부설 유치원, 학교에 신청합니다."
28," 혜택, 복지, 지원금", 고엽제특별지원, 생계가 곤란한 고엽제 후유증 환자 중 장애인 자녀가 있는 가정에 특별지원을 하여 재활의욕을 고취하고 격려합니다., 생계곤란한 고엽제후유증환자 중 장애인복지법상 장애인 자녀가 있는 가정을 지원합니다./고엽제후유증2세환자 중 등급기준미달자를 지원합니다., 
29," 혜택, 복지, 지원금", 시각·청각장애인용 TV 보급사업, 시각·청각 장애인이 비장애인과 동등한 조건에서 방송매체에 접근할 수 있도록 장애인용 맞춤형 TV를 보급하여 방송소외계층의 방송접근권(TV시청권)을 보장합니다.," 주민등록상 국내에 거주 중인 보건복지부 등록 시각·청각장애인 또는 국가보훈부 등록 눈·귀 상이등급자를 지원합니다./5만 원 유상 보급하며, 저소득층(기초생활수급자, 차상위계층)만 무료 보급/소득 구분, 장애 정도, 연령 등을 고려하여 선정 후 보급/2017년~2022년 시각·청각장애인용 TV를 받은 분은 신청 불가", 주소지 관할 읍·면·동 주민센터(담당 : 시청자미디어재단 방송수신기 보급)에 방문하여 제출서류 작성 후 신청이 가능합니다./시각·청각장애인용 TV 보급 전용 홈페이지(tv.kcmf.or.kr)에서 본인 명의 휴대폰 본인 인증 후 온라인 신청이 가능합니다.
30," 혜택, 복지, 지원금", 지역아동센터 지원," 방과후 돌봄이 필요한 지역사회 아동의 건전육성을 위하여 보호·교육, 건전한 놀이와 오락의 제공, 보호자와 지역사회의 연계 등 종합적인 복지서비스를 제공합니다."," 방과후 돌봄이 필요한 아동에게 서비스를 지원하는 지역아동센터, 아동복지교사를 대상으로 지원합니다.", 읍면동 또는 지역아동센터에 방과후 돌봄서비스 제공을 신청합니다./시군구에서 자격확인 및 돌봄서비스 이용 결정을 판정합니다./지역아동센터를 이용합니다.
31," 혜택, 복지, 지원금", 중증장애인근로자 출퇴근비용 지원 사업, 중증장애인 근로자에게 출퇴근비용을 지원하여 중증장애인의 근로의욕 고취와 안정적인 직업생활 유지를 지원합니다.," 중증장애인 근로자 중 최저임금 적용제외 인가를 받았거나, 중위소득 50%이하인자를 대상으로 지원합니다./중증장애인은 「장애인고용촉진 및 직업재활법」상 중증장애인을 의미/중위소득 50% 이하 : 기초생활수급자 또는 차상위계층"," (온라인) 장애인직업능력평가포털(hub.kead.or.kr) 사이트에 접속하여 회원가입 후 중증장애인 근로자 출퇴근 비용지원 신청이 가능합니다./(오프라인) 신청대상자가 근무하는 사업장 소재지 관할 한국장애인고용공단 지역본부 및 지사에서 방문, 우편, 팩스 접수가 가능합니다."
32," 혜택, 복지, 지원금", 발달장애인 긴급돌봄 시범사업," 보호자의 긴급한 상황(입원, 경조사, 심리적 소진 등)으로 긴급돌봄이 필요한 발달장애인에게 일시적 돌봄을 지원합니다."," 만 6세 이상 만 65세 미만의 발달장애인을 대상으로 합니다./발달장애인 보호자가 긴급한 상황(병원 입원, 경조사, 신체적 심리적 소진 등)에 처한 경우 일시적(7일 이내)으로 24시간 돌봄을 지원합니다./이용 사유 및 이용사유별 이용기간은 다음과 같습니다./치료, 입원 : 증빙서류에 기재된 기간(최대 7일 이내)/경조사/- 결혼(본인 5일, 자녀 1일)/- 출산(배우자, 7일)/- 입양(본인, 7일)/- 사망(배우자, 본인과 배우자 부모, 5일)/- 사망(본인과 배우자의 조부모·외조부모, 3일)/- 사망(자녀와 그 자녀의 배우자, 3일)/- 사망(본인 및 배우자의 형제자매와 그 형제자매의 배우자, 1일)/- 사망(본인 및 배우자의 부모의 형제자매와 그 형제자매의 배우자, 1일)/신체적 및 심리적 소진 : 본인, 7일 이내/이용 사유별로 증빙 서류를 제출하여야 합니다./* 갑작스러운 입원, 가족의 사망 등 증빙서류 발급이 신청 시 어려운 경우는 퇴소일까지 관련 증빙서류 제출"," 평일 주간(9:00~18:00) : 지역별 발달장애인지원센터에서 신청할 수 있습니다./평일 야간(18:00~9:00), 주말, 공휴일, 당일입소 : 지역별 발달장애인 긴급돌봄센터에서 신청할 수 있습니다."
33," 혜택, 복지, 지원금", 기존주택등 매입임대주택 지원사업, 저소득층 국민이 도심 내에 안정적으로 거주할 수 있도록 기존주택 등을 매입하여 저렴하게 공급합니다.," '일반 매입임대주택' 입주 대상자는 다음과 같습니다./(1순위)/- 생계·의료급여 수급자, 한부모가족, 수급권자 및 차상위계층 중 최저주거기준에 미달하거나 소득 대비 임차료 비율이 30%이상인 자/- 「국민기초생활보장법」 제2조제1호 또는 제10호에 해당하는 65세 이상인 자/- 장애인등록증이 교부된 자 중 전년도 도시근로자 가구당 월평균 소득의 70% 이하인 자/(2순위)/- 전년도 도시근로자 가구당 월평균 소득 50% 이하(영구임대주택 자산 기준 이하)인 자/- 장애인등록증이 교부된 자 중 전년도 도시근로자 가구당 월평균 소득 100% 이하(영구임대주택 자산 기준 이하)인 자/(3순위) 전년도 도시근로자 가구당 월평균 소득 70% 이하인 자로서 시장 등이 선정하는 자/'청년 매입임대주택' 입주 대상자는 다음과 같습니다./(1순위)/- 「국민기초생활보장법」 제7조에 따른 생계, 주거, 의료급여 중 어느 하나에 해당하는 급여를 받는 수급자의 가구/- 「한부모가족지원법」 시행규칙 제3조에 따라 여성가족부장관이 정하는 기준에 해당하는 한부모가족/- 「국민기초생활보장법」 제2조제10호에 해당하는 가구/(2순위)/- 본인과 부모의 월평균 소득이 전년도 도시근로자 가구당 월평균 소득 100% 이하이고/- 본인과 부모의 자산이 규칙 제13조제2항에 따라 국토교통부장관이 정하는 국민임대주택의 자산기준을 충족하는 청년/(3순위)/- 제1순위 및 제2순위에 해당하지 아니하는 사람 중 본인의 월평균 소득이 전년도 도시근로자 가구당 월평균 소득 100% 이하이고/- 규칙 제13조제2항에 따라 국토교통부장관이 정하는 행복주택(청년)의 자산기준을 충족하는 청년/'신혼부부 매입임대주택Ⅰ' 입주 대상자는 다음과 같습니다./(1순위) 임신 중이거나, 출산·입양하여 자녀가 있는 신혼부부, 예비 신혼부부 및 6세 이하 자녀가 있는 한부모가족/- 임신 : 임신진단서 등으로 확인/- 출산 : 자녀의 기본증명서상 출생신고일 기준으로 확인/- 입양 : 입양신고일 기준으로 확인/- 자녀 : 태아를 포함하며 「민법」상 미성년자로 한정/(2순위) 자녀가 없는 신혼부부, 예비 신혼부부/(3순위) 제1순위와 제2순위에 해당하지 아니하는 사람 중 6세 이하 자녀가 있는 혼인 가구/'신혼부부 매입임대주택Ⅱ' 입주 대상자는 다음과 같습니다./(1순위) 임신 중이거나 출산·입양하여 자녀가 있는 신혼부부, 예비 신혼부부 및 6세 이하 자녀가 있는 한부모가족/(2순위) 자녀가 없는 신혼부부, 예비 신혼부부/(3순위) 제1순위와 제2순위에 해당하지 아니하는 사람 중 6세 이하 자녀가 있는 혼인 가구/(4순위) 혼인가구/'공공전세 주택' 입주자 요건은 다음과 같습니다./- 소득과 자산요건을 적용하지 않고 무주택세대구성원을 대상으로 공급/'고령자 매입임대주택' 입주 대상자는 다음과 같습니다./(1순위) 제9조제1항제1호에 해당하는 사람 (일반 매입임대주택 1순위)/(2순위) 제9조제1항제2호에 해당하는 사람 (일반 매입임대주택 2순위)/'다자녀 매입임대주택' 입주 대상자는 다음과 같습니다./(1순위) 다음 중 어느 하나에 해당하는 사람/가. 「국민기초생활보장법」 제7조에 따른 생계·주거·의료·교육급여 중 어느 하나에 해당하는 급여를 받는 수급자 가구/나. 「국민기초생활보장법」 제2조제10호에 해당하는 가구/(2순위) 제1순위에 해당하지 아니하는 사람//* 보다 자세한 지원내용은 ""기존주택등 매입임대주택 업무처리지침"" 참조", 해당 읍/면/동 주민센터에 직접 방문 신청하거나 공공주택사업자 누리집에서 신청 가능합니다.
34," 혜택, 복지, 지원금", 장애인 건강주치의 시범사업, 중증장애인에게 건강주치의를 통한 만성질환 및 장애 관련 건강관리 서비스를 제공하여 의료서비스 이용 접근성을 향상시킵니다., 다음의 중증장애인을 대상으로 합니다./- 「장애인 건강권 및 의료접근성 보장에 관한 법률」 제16조 및 동 법률 시행령 제5조에 따른 '중증장애인'으로/- 만성질환 또는 장애에 대한 건강관리를 받고자 건강 주치의가 소속된 의료기관을 방문하여 시범사업에 대하여 충분한 설명을 듣고/- 개인정보 수집·이용 및 제3자 제공 동의서 및 이용 신청사실 통지서를 작성한 중증장애인/* (중증장애인) 「장애인 건강권 및 의료접근성 보장에 관한 법률 시행령」 제8조에 따라 건강 주치의 진료 및 건강관리를 신청한 장애인으로서 「장애인복지법 시행령」 제2조 제2항에 따른 장애인 중 장애의 정도가 심한 장애인, 건강주치의 시범사업 참여 의료기관을 방문하여 서비스 신청이 가능합니다./① 국민건강보험공단 홈페이지(https://www.nhis.or.kr) ‘장애인 건강주치의 의료기관 찾기*’등을 통해 본인이 이용할 의료기관(주치의)을 검색/* 건강iN > 검진기관/병원찾기 > 병(의)원정보 > 장애인 건강주치의 의료기관 찾기/② 시범사업 참여 의료기관을 방문하여 건강주치의에게 서비스 이용 신청/- ‘장애인 건강주치의 이용 신청사실 통지서’ 및 ‘개인정보 수집‧이용 및 제3자 제공 동의서’를 작성하여 제출(방문한 의료기관에서 서식 제공)
35," 혜택, 복지, 지원금", 보험급여(건강보험 장애인보조기기), 건강보험가입자 중 이 장애인보조기기를 구입할 경우 구입금액 일부를 지원합니다., 건강보험가입자 및 피부양자 중 「장애인복지법」에 따라 등록한 장애인이 장애인보조기기를 구입할 경우 지원합니다.," 보조기기 급여비 지급청구서, 처방전, 검수확인서 등의 서류를 구비하여 국민건강보험공단 지사에 급여 청구합니다./수동휠체어, 전동휠체어, 전동스쿠터, 자세보조용구, 이동식전동리프트를 급여받고자 하는 경우, 보조기기 급여 승인 신청서 및 처방전을 국민건강보험공단 지사에 제출하여 급여 승인을 받은 후 급여 청구서 등을 제출합니다."
36," 혜택, 복지, 지원금", 장애입양아동 의료비지원, 장애아동을 입양한 국내입양가정에 의료비를 지원하여 장애아동의 국내입양 활성화 및 건전육성을 도모합니다., 장애아동 양육보조금 지급대상자로 결정된 아동에게 지원합니다., 주소지 관할 시·군·구에 방문하여 신청 가능합니다.
37," 혜택, 복지, 지원금", 장애아동입양 양육보조금, 장애 아동을 입양한 가정에 양육보조금을 지원하여 장애아동의 국내입양 활성화 및 건전육성을 도모합니다., 「입양특례법」상 허가를 받은 입양기관에 의해 법의 요건과 절차를 갖추어 장애아동을 국내 입양한 가정을에 지원합니다., 주소지 관할 시·군·구에 방문하여 신청 가능합니다.
38," 혜택, 복지, 지원금", 장애인자립생활지원센터 지원," 장애인 대상 권익옹호, 동료상담, 개인별 자립지원 등 서비스를 통해 장애인의 자립생활에 필요한 역량강화와 지역사회의 다양한 사회참여 활동을 지원합니다."," 모든 장애인을 대상으로 지원합니다./시설거주 장애인, 탈시설 장애인, 재가 장애인 등 자립생활을 희망하는 장애인을 우선 지원합니다.", 지역내 장애인자립생활센터에서 서비스 이용 신청이 가능합니다.
39," 혜택, 복지, 지원금", 장애친화 건강검진기관," 장애친화 건강검진기관을 통해 장애인과 비장애인간, 장애유형간 국가건강검진 수검률 격차를 해소하고 건강검진 예방의료서비스 이용접근성을 보장합니다."," 장애친화 건강검진기관의 이용은 장애인에 국한되지 않으며, 노인 등 거동이 불편한 수검자도 이용이 가능합니다./* 다만, 중증장애인 이용시 별도의 검진가산비용에 대해 검진기관 추가 지원", 
40," 혜택, 복지, 지원금"," 지방세 비과세감면(주민세, 취득세, 자동차세, 재산세, 지역자원시설세 등)"," 기초생활수급자, 국가유공자, 장애인 등이 부담하는 지방세의 세부 사업별 세액을 감면·면제하여 생활 안정과 시설 운영을 돕습니다."," 지방세 비과세감면 유형별 대상은 다음과 같습니다./(기초수급자 등 균등할 주민세 비과세)/- 「국민기초생활 보장법」에 따른 수급자/- 「출입국관리법」 제31조에 따른 외국인등록을 한 날부터 1년이 경과되지 아니한 외국인/- 「민법」에 따른 미성년자(그 미성년자가 미성년자가 아닌 자와 「주민등록법」상 같은 세대를 구성하고 있는 경우는 제외한다)/- 「주민등록법」에 따른 세대원 및 이에 준하는 개인으로서 대통령령으로 정하는 자/(국가유공자 단체 취득 부동산 지방세 감면)/- 「국가유공자 등 단체 설립에 관한 법률」에 따라 설립된 대한민국상이군경회, 대한민국전몰군경유족회, 대한민국전몰군경미망인회, 광복회, 4ㆍ19민주혁명회, 4ㆍ19혁명희생자유족회, 4ㆍ19혁명공로자회, 재일학도의용군동지회 및 대한민국무공수훈자회/- 「특수임무유공자 예우 및 단체설립에 관한 법률」에 따라 설립된 대한민국특수임무유공자회/- 「고엽제후유의증 등 환자지원 및 단체설립에 관한 법률」에 따라 설립된 대한민국고엽제전우회/- 「참전유공자 예우 및 단체설립에 관한 법률」에 따라 설립된 대한민국6ㆍ25참전유공자회 및 대한민국월남전참전자회/(국가유공자등 차량 취득세 및 자동차세 감면)/- 「국가유공자 등 예우 및 지원에 관한 법률」에 따른 국가유공자로서 상이등급 1급부터 7급/- 「5·18민주유공자예우에 관한 법률」에 따라 등록된 5·18민주화운동부상자로서 신체장해등급 1급부터 14급까지의 판정을 받은 사람/- 「고엽제후유의증 등 환자지원 및 단체설립에 관한 법률」에 따른 고엽제후유의증환자로서 경도(輕度) 장애 이상의 장애등급 판정을 받은 사람/(노인복지시설 지방세 감면)/- 「노인복지법」 제31조에 따른 노인복지시설을 설치ㆍ운영하기 위하여 취득하는 부동산 소유자/(다자녀가구 취득 자동차 취득세 감면)/- 만 18세미만 3명 이상의 자녀 양육자(가족관계등록부 기준, 양자 및 배우자 자녀 포함 / 입양자녀의 경우 친생부모의 자녀수에 포함하지 않음)/(사회복지법인 지방세감면)/- 「사회복지사업법」에 따라 사업복지사업을 목적으로 하는 법인 또는 단체/(영유아보육시설 지방세 감면)/- 「영유아보육법」에 따른 어린이집 및 「유아교육법」에 따른 유치원을 설치ㆍ운영하기 위하여 부동산을 취득하는 경우/(아동복지시설에 대한 지방세 감면)/- 「아동복지법」 제52조제1항제8호에 따른 지역아동센터를 설치ㆍ운영하기 위하여 부동산을 취득하는 경우/(장애인차량 취득세 및 자동차세 감면)/- 장애인(장애인복지법에 따른 장애인으로서 장애의 정도가 심한 장애인)이 본인명의로 등록하거나 그 장애인과 동일한 세대별 주민등록표에 기재되어 있고 「가족관계의 등록 등에 관한 법률」에 따른 가족관계등록부에 따라 장애인의 배우자ㆍ직계혈족ㆍ형제자매, 장애인의 직계혈족의 배우자, 장애인의 배우자의 직계혈족ㆍ형제자매 중 어느 하나에 해당하는 관계가 있는 것이 확인(취득세의 경우에는 해당 자동차 등록일에 세대를 함께 하는 것이 확인되는 경우로 한정한다)되는 사람이 공동명의로 등록하는 자동차"," 주민세, 등록면허세 등 각 지방자치단체 세무부서로 비과세 및 감면 신청이 가능합니다."
41," 혜택, 복지, 지원금", 중증장애인지원고용(훈련수당), 중증장애인의 고용 증진을 위해 직무수행 기술과 직장적응을 취업 전 사업체 현장에서 지도하여 취업으로 연계합니다.," 중증장애인지원고용 신청대상은 다음과 같습니다./(훈련생) 구직등록한 15세 이상의 중증장애인 본인 또는 보호자의 취업의사가 있고 지원고용 과정을 통해 취업하는데 동의하는 사람/(사업체) 4대보험(국민건강,국민연금,고용보험.산재보험) 가입업체", 각 지역 한국장애인고용공단 지역본부 또는 지사에 신청 문의 바랍니다.
42," 혜택, 복지, 지원금", 취약계층 환경성질환 예방사업," 실내환경 유해인자 진단·컨설팅, 실내환경 개선, 진료지원 서비스를 제공하여 유해환경에 노출된 경제 취약계층의 건강을 보호합니다."," 실내환경 진단 및 컨설팅(1,500개소)/어려운 경제사정으로 생활이 곤란한 가구*의 가구원으로서 환경성질환을 앓고 있거나, 실내환경이 열악한 곳에 거주하고 있는 취약계층/ * 생활이 곤란한 가구: 자활급여를 받는 차상위자, 본인부담액을 경감받는 사람, 장애수당 또는 장애아동수당을 지급받는 사람, 장애인연금을 지급받는 사람, 차상위계층으로 결정된 사람, 생계급여·주거급여·의료급여 또는 교육급여의 수급자, 「한부모가족지원법」 제5조 및 제5조의2에 따른 지원대상자/ ** 참고법령: 「국민기초생활 보장법 시행령」 제5조의5, 「국민건강보험법 시행령」 별표 2 제3호라목, 「장애인복지법」 제49조 제1항 또는 제50조 제1항, 「장애인연금법」 제4조, 「국민기초생활 보장법」 제24조 제1항, 「국민기초생활 보장법」 제7조 제1항 제1호부터 제4호, 「한부모가족지원법」 제5조 및 제5조의2/저소득가구, 한부모가구 등 취약계층 가구 1,100개소 및 독거노인가구, 경로당, 장애인시설 등 민감계층 활동공간 400개소/실내환경 개선(500개소)/실내환경 진단·컨설팅(현장방문) 결과 및 사업 효과성 등을 종합적으로 검토한 결과 개선이 시급한 가구/저소득가구, 한부모가구 등 취약계층 가구 250개소 및 독거노인가구, 경로당, 장애인시설 등 민감계층 활동공간 250개소/※ 실내환경 개선은 실내환경 진단·컨설팅 완료 가구(시설) 1,500개소 중 500개소를 지원하며 지자체(시·도) 예산확보 여부에 따라 지원 규모는 달라질 수 있음/환경성 질환자 진료지원 서비스(350명)/지자체, 환경보건센터 등으로부터 추천을 받은 환경성질환을 앓고 있는 취약계층 소아, 청소년 및 어르신/※ 위 대상은 실내환경 진단·컨설팅 대상 가구 중 환경성 질환을 앓고 있는 가구원"," 취약계층 환경성질환 예방사업은 1년 단위로 시행되는 사업으로 월별 주요 추진일정은 다음과 같습니다. 단, 추진상황에 따라 세부일정은 변경될 수 있습니다./2월: '취약계층 환경성질환 예방사업'참여자 수요조사(환경부 → 시·도)/3~4월 : 사업 참여 신청서 제출(시·도→ 환경부)/5월 : 사업 참여자 선정(환경부, 한국환경산업기술원)/6~9월 : 실내환경 측정 및 컨설팅/6~11월 : 환경성질환자 진료지원/9~11월 : 실내환경 개선 공사/기타 자세한 사항은 거주하고 있는 지자체(특별시·광역시·도)의 환경과 또는 한국환경산업기술원(02-2284-1813, 1827)로 문의해주시기 바랍니다."
43," 혜택, 복지, 지원금", 영구임대주택공급," 생계·의료급여 수급자, 국가유공자, 일본군 위안부 피해자 등 사회보호계층의 주거안정을 위해 영구임대주택을 공급합니다."," 생계급여·의료급여 수급자, 국가유공자, 일본군위안부 피해자, 지원대상 한부모가족, 도시근로자 월평균소득 70% 이하의 북한이탈주민 및 장애인 등 무주택세대 구성원을 대상으로 합니다.", 해당 공공주택사업자 홈페이지 및 대표전화를 이용하시기 바랍니다.
44," 혜택, 복지, 지원금", 장애인 신규고용장려금, 장애인 근로자를 신규 고용하여 6개월 이상 고용을 유지한 경우 장려금을 지원하여 고용을 장려합니다., 소규모 사업주(상시근로자 수 5인 이상~ 50인 미만)가 2022. 1. 1. 이후 장애인 근로자를 신규고용하여 6개월 이상 고용을 유지한 경우 최대 12개월간 신규고용장려금을 지원합니다.," 관할 지사에 우편, 방문 신청하거나 한국장애인고용공단 e신고서비스(https://www.esingo.or.kr)에서 온라인 신청이 가능합니다."
45," 혜택, 복지, 지원금", 중증장애인활동보조추가지원(구비지원), 법정급여로 제공되는 장애인활동지원 시간 외에 추가로 필요하다고 인정되는 경우 구비로 활동지원시간을 추가로 지원하여 중증장애인의 일상생활 영위와 자립을 돕고 장애인 가족의 돌봄 부담을 경감하고자 함.," - 긴급활동지원 (단, 구 추가지원 ④ 항목 중복 불가)/？ 가출,입원,시설입소,사망 등 가족의 부재로 긴급하게 돌봄이 필요한 대상자/- 탈시설 장애인 (단 , 시 추가지원 ‘⑤ 탈시설장애인’ 항목 중복 불가)/？ 자립주택 입주자 우선지원/- 최중증장애인 (단, 시 추가지원 ‘⑥ 최중증장애인’ 항목 중복 불가)/？ 서비스지원 종합조사결과 X1 점수 360점이상(아동 280) 또는 기존 인정점수 425점 이상인 장애인/- 구청장이 인정하는 장애인 (단, 구 추가지원 ①항목 중복 불가)"," ？ 신청장소 : 주소지 동 행정복지센터/？ 신청방법 : 본인 또는 대리인이 방문신청/？ 제출서류 : 지원신청서, 각종 증빙서류 등 대구광역시 중구청 생활지원과 장애인지원팀/053-661-2666"
46," 혜택, 복지, 지원금", 저소득주민 건강보험료 지원(자체)," 최저 건강보험료가 부과된 저소득 만 65세 이상 노인세대,장애인세대,한부모세대,국가유공자세대, 20세 이하의 소년.소녀 가장세대, 만성질환자 세대에게 보험료를 지원하여 저소득 주민의 생활안정에 기여코자 함", 건강보험료 최저금액 미만 부과세대로 다음에 해당하는 세대/- 만 65세 이상 노인이 있는 세대/- 「장애인복지법」에 의거 등록한 장애인이 있는 세대/- 「한부모가족지원법」에 의한 한부모세대/- 20세 이하의 소년.소녀 가장세대/- 「국가유공자 등 예우 및 지원에 관한 법률」제4조제1항제4호.제6호.제11호.제14호 또는 제16호의 규정에 따른 국가유공자가 있는 세대/- 만성질환자 및 희귀난치성질환자가 있는 세대,  대구광역시 수성구청 생활보장과/053-666-2624
47," 혜택, 복지, 지원금", 장애인활동지원 추가지원사업, 장애인 활동지원의 국고시간 부족으로 기본욕구 충족과 자립생활에 어려움이 있는 중증장애인에게 추가 지원함으로 장애인의 자립생활 및 사회참여 기회 증진, 서비스종합조사 1~5구간 수급자 중 추가지원이 필요한(12개 항목) 장애인/법정급여 미지원 발달장애인(6개 항목)/자립생활 체험홈 단기체험 장애인, 읍면동 신청 대구광역시 장애인복지과/053-803-3992
48," 혜택, 복지, 지원금", 장애수당 시비 특별지원, 저소득 장애인에게 장애로 인하여 발생하는 추가비용을 일부 보전하기 위해 매월 일정액을 지급하여 저소득 장애인 가구의 생활안정 도모," 중증장애인(1,2급 및 3급 중복)", 주민센터 신청 구군 장애인복지부서/구군 장애인복지부서
49," 혜택, 복지, 지원금", 장애인 보조기기 수리지원사업, 장애인의 이동수단인 전동휠체어 등의 보조기구 수리비를 지원하여 장애인의 자립생활지원 및 사회참여 기회 확대 도모, 전동휠체어 등 장애인이동보조기기 소지 장애인, 읍면동 신청 구군 장애인복지부서/구군 장애인복지부서
50," 혜택, 복지, 지원금", 장애아동수당 시비특별지원, 저소득 장애아동에게 장애로 인하여 발생하는 추가비용을 일부보전하기 위함," 18세미만 등록장애인으로 기초수급자, 차상위계층", 읍면동 주민센터 신청 구군 장애인복지부서/구군 장애인복지부서
51," 혜택, 복지, 지원금", 발달장애아가족 양육지원, 돌봄요구가 높은 만6세 미만의 발달장애아동을 위한 돌봄서비스 지원으로 장애아가정의 돌봄부담 경감 및 가족지원 강화 도모, 만 6세 미만의 발달장애아동과 생계·주거를 같이하는 기준 중위소득 180%이하 가정, 주소지 관할 읍면동 행정복지센터 방문 접수 사)대구광역시장애인부모회/053-621-2600
52," 혜택, 복지, 지원금", 저소득층 밑반찬 배달사업, - 달성군 지역내 거동불편 및 가사수행 능력이 미약하여 식생활에 어려움을 겪는 저소득층 세대에 밑반찬을 지원 - 밑반찬 지원을 통해 저소득층 결식을 예방하고 균형있는 영양공급을 통해 건강증진을 도모 - 저소득층 세대 직접 방문을 통해 소외된 계층에게 정서지원 및 응급상황시 대처 - 매주 목요일 달성군종합사회복지관에서 지원 - 대상자 선정 등 : 달성군종합사회복지관 사례관리팀 선정," 1) 지원대상/- 저소득층 및 거동불편자로 식생활에 어려움이 있는 대상자 50명/2) 선정기준/- 지역내 거동이 힘든 어르신, 장애인 등", 1) 신청방법 : 달성군종합사회복지관에 신청접수 => 방문 후 기초조사 실시 =>대상자 결정 후 통보 =>주 1회/(목요일) 방문하여 밑반찬지원/2) 지급시기 및 지급방법/- 주 1회 대상자 가정으로 방문하여 서비스 제공 달성군 희망지원과/053-668-2563
53," 혜택, 복지, 지원금", 달성군 출산축하금 지원, 출산율 저하에 효과적으로 대응하고 출산 양육에 유리한 환경을 조성하여 지속적인 출산율 제고에 기여하기 위함, ㅇ.영아 출생일 기준 부 또는 모가 달성군에 주민등록을 두고 거주하는 출산가정(신청기간: 출생일로부터 1년 이내)/ㅇ.장애인 추가 지원- 출산 축하금 지원 대상자에 한해 출생아의 부 또는 모의 장애 등급에 따라 추가지원,  대구광역시 달성군 보건소 건강증진과
54," 혜택, 복지, 지원금", 최중증장애인 야간순회방문서비스 지원, 상시돌봄이 필요한 최중증장애인에 대한 야간(10시 ~ 익일 06시) 순회방문서비스 지원으로 24시간 상시돌봄 체계 구축 및 장애인의 삶의 질 향상에 기여," 종합조사 기능제한 영역 360점 이상인 활동지원 수급자로, 24시간 호흡기 장착 또는 사지마비 와상등으로 심야시간대 돌봄이 필요한 독거, 취약 장애인", 이용 희망자 읍면동으로 신청 대구광역시 장애인복지과/053-803-3992
55," 혜택, 복지, 지원금", 장애인 맞춤주택 리모델링 사업," 생활이 어려운 도시지역 재가 장애인의 주택 개,보수 지원을 통해 가정 내 생활 및 이동에 불편이 없도록 주거용 편의시설 조성", 기초수급자 또는 차상위계층 중 등록장애인으로 자가 또는 임대주택 거주자, 방문신청(해당 읍면동 행정복지센터 방문) 대구광역시 장애인복지과/053-803-3992/달성군 희망지원과/053-668-2562
56," 혜택, 복지, 지원금", 장애인활동지원급여 구 추가지원사업, ❍ 장애인 활동지원서비스 구추가지원으로 취약계층 및 위기장애인에 대한 상시 돌봄체계 구축 ❍ 긴급활동지원이 필요한 법적급여 미수급자 및 시추가지원사업 미수급자에 대한 지원제도 강화로 돌봄 사각지대 해소," ❍ 사업목적 : 장애인 활동지원서비스 구추가지원으로 취약계층 및 위기장애인에 대한 상시 돌봄체계 구축/❍ 지원대상/- 긴급활동지원(60H~120H) : 가출, 입원, 시설입소 ,사망 등 가족의 부재로 긴급하게 돌봄이 필요한 대상자, 탈시설 후 급여미생성 기간해당자 --> 지원일로부터 60일/- 탈시설 장애인(40H) : 자립주택 입주자 우선지원 (단 , 시 추가지원 ‘⑤ 탈시설장애인’ 항목 중복 불가) --> 지원시점부터 3년, 필요시 연장/- 최중증장애인(20H~40H) : 종합조사결과 X1 점수 360점이상(아동 280) 또는 기존 인정 점수 425점 이상인 장애인/- 구청장이 인정하는 장애인(40H) : 지원기간 2년, 필요시 연장"," ❍ 신청장소 : 주소지 동 행정복지센터/❍ 신청방법 : 본인 또는 대리인이 방문신청/❍ 제출서류 : 지원신청서, 진단서, 소견서 등 각종 증빙서류/❍ 신청자격의 제한/- 법정추가급여 지원대상자임에도 자부담 등을 이유로 법정추가급여를/신청하지 않는 경우에는 신청자격 제한. (기 지원자도 발견 즉시 중단)/- 긴급활동 지원 시 법정급여미수급자가 활동지원급여 지원신청 및 종합/조사 거부 등 수급자격을 받지 않기 위한 행위를 반복적으로 행하는 경우 지원 대상 제외 대구광역시 동구청 복지정책과 장애인활동지원 담당 /053-662-2542"
57," 혜택, 복지, 지원금", 노인지역봉사지도원 활동지원사업, 노인들의 경륜을 사회에 재투자할 수 있도록 노인자원봉사를 활성화하여 노인의 적극적 사회참여 및 노인의 인적자원 활용 극대화 추진, 사회적 신망과 경험을 갖춘 65세이상 노인중 읍면동 또는 구군 노인회 지회장의 추천을 받아 구청장·군수가 위촉한 자, 구군 신청 구군청 어르신복지부서/어르신복지담당
58," 혜택, 복지, 지원금", 장애인활동지원서비스 서구 추가 사업, 법정급여로 제공되는 활동지원 시간 외에 추가로 필요하다고 인정되는 경우 구비로 활동지원시간을 추가 지원함으로써 장애인의 삶의 질을 높이고 장애인 가족의 돌봄 부담을 경감하고자 함., 대구광역시 서구에 거주하는 장애인으로 활동지원 추가지원이 필요한 장애인, 읍면동 신청접수 대구광역시 서구청 장애인복지팀/053-663-2624
59," 혜택, 복지, 지원금", 장애인활동지원 구 추가지원사업, 중증장애인에게 지원되는 활동지원서비스에 대한 기본적 제공급여 수준 부족에 대한 구비 추가 지원, 장애인활동지원 수급자, 장애인활동지원기관 연계 대구광역시 달서구청 어르신장애인과/053-667-3595
60," 혜택, 복지, 지원금", 장애인 활동보조 추가지원, 중증장애인 활동보조금 지급," 대구광역시 북구에 거주하는 기존 활동지원 법정급여 수급자(법정급여 미수급자 긴급지원자 제외) 중 신청자격을 가진 등록장애인/· 긴급활동지원(법정급여 수급자), 탈시설 장애인, 최중증 장애인, 구청장이 인정하는 장애인"," ？ 신청방법 : 본인 또는 대리인이 방문신청/？ 제출서류 : 지원신청서, 시설입퇴소 증명서 등 관련 서류/※ “① 긴급활동지원”의 경우, 가족의 부재를 확인할 수 있는 서류 필요/(보호자의 입원확인서, 진단서, 가출 신고 확인서 등)/※ “④ 구청장이 인정하는 장애인”의 경우, 특별한 사정을 확인할 수 있는 증빙서(유관 기관의 직인이 첨부된 사유서 등)를 신청시 첨부해야 함 북구청 희망복지과/053-665-2706"
61," 혜택, 복지, 지원금", 서구 저소득층 건강보험료 지원, 실업이나 노령화 등으로 인해 생활에 어려움을 겪고있는 저소득 주문에 대하여 국민건강보험료 및 노인장기요양보험료를 지원함으로써 구민의 건강증진과 복지향상에 기여하고자 함., 대구광역시 서구 지역가입자 중 [의료급여법] 제3조에 따른 수급권자가 아닌 자로서 국민건강보험 월 부톼금액이 보건복지부가 정한 최저보험료 이하인 아래 세대/- 만 65세 이상 노인이 있는 세대/- 장애인복지법에 따라 등록한 장애인이 있는 세대/- 한부모가족지원법에 따른 한부모세대 및 조손가구/- 만 18세 이하의 아동/- 만성질환자 및 중증질환자/- 그 밖에 대구광역시 서구청장이 필요하다고 인정하는 세대,  대구광역시 서구청 생활보장과/053-663-2527
62," 혜택, 복지, 지원금", 건강보험료지원, 생활에 어려움을 겪고 있으나 기초생활수급자에 해당되지 않는 저소득주민에 대하여 국민건강보험료 및 장기요양보험료를 지원함으로써 주민의 건강증진과 복지향상을 도모, 1) 지원대상 및 선정기준/- 국민건강보험공단 가입자이면서 보험부과액이 최저보험료 이하인 세대 중/① 만65세이상 노인이 있는 세대 ② 장애인세대 ③ 법정 한부모세대,  북구청 생활보장과 /053-665-2555
63," 혜택, 복지, 지원금", 장애인활동지원 구비 추가지원, 장애인활동지원 국고보조사업 지원시간 부족으로 기본욕구 충족과 자립생활에 어려움이 있는 중증장애인을 위한 상시 돌봄 지원체계 구축, 기존 인정조사 법정급여 등급대상자 또는 등급제 개편 후 종합조사 법정급여 구간 대상자,  대구광역시 수성구청 복지정책과/053-666-2562
64," 혜택, 복지, 지원금", 대구광역시 남구 저소득주민 건강보험료 지원," 노령, 장애등으로 생활에 어려움을 겪고 있는 저소득 주민에게 국민건강보험료를 지원함으로써 구민들의 건강 증진과 복지향상을 도모함"," 1) 의료급여 수급권자가 아닌 남구주민 중 보험료의 매월 부과금액이 보건복지부가 정한 최저 보험료 이하인 세대/2) 국민건강보험공단 남구지역 가입자 중 다음 각호의 어느 하나에 해당하는 세대/① 주민등록상 만65세이상 노인만 거주하는 세대/② 「장애인 복지법」에 따라 등록한 장애인이 있는 세대/③ 「한부모 가족지원법」에 의한 모자,부자가정이 있는 세대/④ 그 밖에 보험료 지원이 필요하다고 대구광역시 남구청장이 인정한 세대",  대구광역시 남구청 생활보장과/053-664-2664
65," 혜택, 복지, 지원금", 장애인통합복지카드(A형)발급수수료 지원사업, 기존 장애인통합복지카드(A형) 발급 비용을 지원함으로써 장애인들의 복지서비스 증진 및 보편적 복지를 실편하고자 함," 장애인복지법 제32조에 의한 등록장애인 본인 또는 세대별 주민등록표 상 같이 기재되어 있는 보호자(배우자,직계존·비속,직계비속의 배우자,형제,자매)의 명의(동보호자와 공동명의 포함)로 등록한/① (승용)배기량 2,000cc이하의 승용자동차/② (승용2 또는 RV) 승차정원 7인승이상 10인승이하인 승용자동차(배기량 제한 없음)/③ (승합) 승차정원 12인승 이하의 승합자동차(배기량 제한 없음)/④ (화물) 최대적재량 1톤이하의 화물자동차(배기량 제한 없음)/⑤ 친환경차량(전기차량, 연료전지자동차)/- 이 중 하나에 해당하며, 장애인자동차표지가 발급된 차량", 기존의 방법은 장애인통합복지카드(A형) 신청인에게 발급수수료를 세외수입 징수 후 조폐공사 납부하는 방법이었으나 신청인에게 발급수수료를 받지 않고 수성구에서 납부토록 하는 방법 대구광역시 수성구청 복지정책과/053-666-2564
66," 혜택, 복지, 지원금", 중구저소득주민국민건강보험료지원, 장애 등으로 인하여 생활에 어려움을 겪고 있는 저소득주민에 대하여 국민건강보험료와 노인장기요양보험료를 합한 보험료(이하 보험료)를 지원함으로써 구민의 건강증진과 복지향상을 도모," 1) 보험료 지원대상은 제2조에서 정한 세대로서 국민건강보험공단 중구지역 가입자이며,/다음 각 호의 어느 하나에 해당하는 세대/-「장애인복지법」에 의거 등록한 장애인이 있는 세대/-「한부모가족지원법」에 의한 한 부모세대/- 기타 구청장이 필요하다고 인정하는 세대",  대구시 중구 생활지원과/053-661-2524
67," 혜택, 복지, 지원금", 이동목욕서비스지원사업, 재가 중증장애인을 주로하며 필요할 경우 거동불편 독거노인에 대힌 이동목욕 차량을 이용한 이동목욕서비스 제공," 1) 지원대상 : 재가중증장애인 및 거동불편 독거노인(거동불편 독거노인은 필요할 경우에 한함)//2) 선정기준/- 동별 재가중증장애인 및 거동불편 독거노인 추천/- 확인 절차를 통해 목욕서비스 지원 대상여부 확인 후 선정/- 비정기적인 지원이 필요한 경우 지역사회(이웃주민, 유관기관 등)의 추천을 받아 수시 선정", 주민센터 신청-> 남산기독종합사회복지관 대상자으로 추천 및 서비스의뢰-> 대상자 결정-> 서비스 대구광역시 중구청 생활지원과 장애인지원팀/053-661-2666
68," 혜택, 복지, 지원금", 저소득 주민 국민건강보험료 지원사업," ""노령등으로 인하여 생활에 어려움을 겪고 있으나 국민기초생활보장법 제5조에 따른 수급권자에 해당하지 아니하는 저소득주민에게 국민건강보험료를 지원함으로써 건강증진과 복지향상을 도모""", 「국민기초생활보장법」제5조에 따른 수급권자가 아닌 자로 구성된 국민건강보험료 및 노인장기요양보험료의 부과금액이 보건복지부가 정한 최저 보험료 이하인 세대중 아래의 대상자/1. 만 65세 이상 노인 세대/2. '한부모가족지원법'에 의한 한부모가족 및 조손가족/3. '장애인복지법'에 의거 등록된 장애인 세대 에 해당하는 세대,  국민건강보험공단/1577-1000
69," 혜택, 복지, 지원금", 장애인활동지원 달성군 추가지원, ❍ 장애인활동지원 국고보조사업 지원시간 부족으로 기본욕구 충족과 자립생활에 어려움이 있는 중증장애인을 위해 군 추가지원을 통한 상시 돌봄 지원체계 구축 ❍ 주․야간 생활안전과 자립생활을 지원하여 가족의 돌봄 부담 경감 및 삶의 질 향상에 기여," 긴급활동지원, 탈시설 장애인, 최중증장애인, 군수가 인정하는 장애인"," 장애인활동지원 국고보조사업 지원시간 부족으로 기본욕구 충족과 자립생활에 어려운 중증장애인 신청/단,법정추가급여 지원대상자임에도 자부담 등을 이유로 법정추가급여를 신청하지 않은 경우에는 신청자격 제한/해당 읍면에 신청 달성군 희망지원과/053-668-2562"
70," 혜택, 복지, 지원금", 저소득층 건강보험료 지원, 저소득주민에게 국민건강보험료 및 장기요양보험료를 지원함으로써 구민의 건강증진과 복지향상에 기여," 「의료급여법」 제3조에 따른 수급권자가 아닌자로 보험료 부과금액이 지역가입자의 월별 보험료액의 하한 세대 중 국민건강보험공단 대구동구지역의 지역가입자이며 「장애인복지법」에 따라 등록한 장애인이 있는 세대 및 「한부모가족지원법」에 따른 한부모세대, 가정위탁아동",  대구 동구청 생활보장과 저소득건강보험료지원 담당자/053-662-2553
